Sex,Edad,1990,1991,1992,1993,1994,1995,1996,1997,1998,1999,2000,2001,2002,2003,2004,2005,2006,2007,2008,2009,2010,2011,2012,2013,2014,2015,2016,2017,2018,2019,2020
Males,0,1183205 ,1196822,1201783,1206210,1214329,1217683,1212511,1205658,1196257,1184961,1177914,1172672,1168178,1164022,1162691,1157891,1149568,1146994,1145995,1147653,1147265,1146630,1145751,1144628,1143257,1141637,1146211,1138735,1130468,1121640,1112281
Males,1,1156333,1171608,1183192,1188813,1193813,1202319,1205769,1200696,1194050,1184083,1175668,1171454,1165859,1161808,1159275,1155459,1148866,1143624,1143001,1142966,1141373,1139536,1137461,1135146,1132589,1129791,1129349,1133877,1126473,1118296,1109562
Males,2,1136216,1148244,1164134,1175875,1181710,1186753,1194925,1198027,1192801,1184357,1178733,1174673,1169070,1163778,1160472,1156785,1152419,1147865,1144311,1144789,1144574,1144110,1143405,1142456,1141258,1139813,1127821,1127386,1131909,1124511,1116347
Males,3,1120768,1126077,1141956,1157796,1169502,1175189,1179795,1187490,1190301,1182937,1179107,1178140,1172381,1167030,1162273,1158000,1153958,1151380,1148377,1145632,1146180,1146482,1146541,1146354,1145917,1145230,1138238,1126260,1125832,1130351,1122956
Males,4,1109014,1110750,1119965,1135689,1151349,1162773,1167928,1171980,1179291,1179423,1177356,1178876,1175694,1170111,1165110,1159659,1155227,1152665,1151469,1149084,1149287,1149244,1148956,1148422,1147638,1146604,1143712,1136727,1124761,1124341,1128857
Males,5,1100313,1102731,1106101,1115202,1130803,1146251,1157235,1161965,1165741,1171473,1174877,1176149,1176480,1173452,1167985,1162651,1157342,1154051,1152687,1152096,1151181,1150019,1148614,1146965,1145069,1142926,1145039,1142146,1135167,1123214,1122804
Males,6,1093527,1094928,1098677,1101934,1110924,1126338,1141396,1151998,1156482,1159098,1167300,1173266,1173737,1174214,1170975,1165775,1161134,1156517,1154269,1153491,1151648,1149561,1147234,1144667,1141856,1138803,1141255,1143365,1140472,1133499,1121559
Males,7,1089446,1087321,1091272,1094900,1098048,1106841,1121896,1136598,1146954,1150505,1155109,1165391,1170774,1171371,1171373,1168865,1164757,1160447,1156742,1155092,1152277,1149222,1145932,1142407,1138644,1134645,1137026,1139475,1141581,1138687,1131721
Males,8,1088081,1083595,1084065,1087906,1091406,1094350,1102826,1117556,1132022,1141802,1146587,1152551,1162604,1168074,1168106,1168937,1167606,1163715,1160251,1157112,1153212,1149079,1144717,1140127,1135309,1130263,1132796,1135172,1137617,1139720,1136826
Males,9,1088447,1083737,1080702,1081072,1084789,1088107,1090772,1098969,1113493,1127975,1137811,1142805,1149134,1159237,1164082,1164938,1166945,1165792,1162756,1159822,1155151,1150253,1145131,1139787,1134223,1128438,1128370,1130902,1133274,1135715,1137815
Males,10,1089182,1085594,1080964,1077856,1078137,1081702,1084779,1087226,1095244,1110396,1123766,1132650,1138653,1145010,1154477,1160078,1162092,1164340,1164094,1161614,1156589,1151339,1145869,1140180,1134273,1128150,1126502,1126437,1128967,1131335,1133772
Males,11,1088690,1087646,1082609,1077914,1074737,1074878,1078229,1081088,1083354,1092419,1105700,1117367,1127722,1133734,1139461,1149601,1156349,1158766,1162047,1162420,1157216,1151788,1146142,1140278,1134198,1127904,1126107,1124462,1124399,1126927,1129290
Males,12,1085854,1087849,1084218,1079114,1074313,1070972,1070870,1073979,1076637,1080183,1086893,1098057,1111498,1121877,1127203,1133576,1144901,1152231,1155875,1159859,1155098,1150108,1144898,1139466,1133813,1127942,1125612,1123825,1122184,1122123,1124650
Males,13,1080264,1084085,1083510,1079781,1074513,1069467,1065824,1065396,1068216,1072113,1073309,1077997,1091016,1104457,1113978,1120077,1127873,1139889,1148631,1153123,1149346,1145336,1141096,1136629,1131933,1127010,1125224,1122925,1121144,1119507,1119449
Males,14,1071822,1076772,1078382,1077631,1073658,1068037,1062553,1058464,1057626,1061279,1063393,1063199,1069502,1082532,1094963,1105349,1113121,1121742,1135448,1145167,1142224,1139044,1135632,1131987,1128108,1123997,1123732,1122004,1119710,1117935,1116304
Males,15,1059950,1067212,1069450,1070795,1069666,1065219,1059022,1052932,1048279,1047730,1050429,1052077,1053147,1059441,1071428,1084589,1096694,1105631,1116293,1131122,1129820,1128276,1126496,1124476,1122217,1119717,1120102,1119916,1118190,1115902,1114135
Males,16,1043900,1054745,1058256,1060163,1061027,1059277,1054064,1047105,1040329,1035426,1034760,1037899,1040441,1041511,1046868,1059217,1073910,1087712,1099079,1110636,1111841,1112808,1113540,1114033,1114284,1114291,1115237,1115716,1115527,1113803,1111523
Males,17,1023638,1037546,1044294,1047400,1048718,1048826,1046193,1040066,1032264,1024798,1020478,1021036,1024791,1027331,1027602,1032878,1046492,1063481,1080128,1092312,1095290,1098039,1100562,1102854,1104911,1106729,1109294,1110340,1110815,1110626,1108904
Males,18,999531,1015674,1025699,1031972,1034414,1034857,1033921,1030240,1023163,1014227,1008039,1005708,1006625,1010381,1012172,1012097,1018554,1034913,1055116,1072602,1077301,1081788,1086063,1090120,1093956,1097564,1101332,1104006,1105041,1105512,1105321
Males,19,971906,990123,1002515,1011999,1017520,1018984,1018254,1016143,1011379,1002663,995856,992533,990228,991169,994062,995567,996873,1006264,1026111,1047445,1054376,1061124,1067688,1074063,1080241,1086217,1091875,1095757,1098413,1099437,1099903
Males,20,941405,961107,975895,987693,996356,1000803,1001006,998988,995695,988827,983013,979884,976266,973992,973894,976795,980018,984261,997330,1018530,1027934,1037202,1046331,1055314,1064143,1072811,1080322,1086101,1089955,1092592,1093604
Males,21,908869,929354,946128,960291,971216,978756,981858,980688,977437,971705,968328,966827,963145,959577,956110,956288,961231,967317,975345,989968,1001531,1013011,1024405,1035705,1046902,1057989,1066742,1074392,1080132,1083957,1086575
Males,22,874912,896103,913944,930062,943333,953078,959222,960909,958477,952499,950804,952305,949984,946363,941597,938487,940792,948604,958543,968200,980608,992962,1005258,1017488,1029643,1041715,1051902,1060802,1068403,1074103,1077900
Males,23,840349,862112,880858,898031,913271,925404,933758,938493,938948,933866,931904,935030,935742,933513,928832,924220,923062,928408,940103,951657,963824,975936,987991,999980,1011895,1023727,1035805,1046097,1054941,1062496,1068157
Males,24,806180,827915,847683,865801,882155,896332,907152,914188,917785,916111,914262,916305,919064,919892,916832,911972,908955,911033,920280,933570,945450,957275,969041,980742,992369,1003914,1018159,1030278,1040508,1049299,1056809
Males,25,773113,794344,814584,833799,851190,866592,879583,889197,895207,897323,897856,898957,901190,904086,904241,900815,897322,897602,903479,914355,925957,937506,948996,960422,971773,983044,998709,1012962,1025011,1035182,1043923
Males,26,741558,761970,782196,801949,820530,837089,851403,863312,872025,877167,880543,883009,884788,887180,889450,889307,887224,886868,890745,898310,909140,919902,930594,941208,951737,962173,978240,993913,1008093,1020077,1030193
Males,27,711820,730987,750937,770715,789936,807790,823379,836713,847831,856167,861794,866326,869823,871758,873506,875695,876985,877757,880741,886337,895948,905469,914897,924224,933444,942549,957756,973836,989436,1003548,1015472
Males,28,684136,701895,721025,740570,759896,778497,795479,810207,822845,833958,842193,848326,854160,857845,859112,860954,864626,868465,872339,877042,885261,893366,901353,909216,916949,924545,938461,953689,969702,985233,999282
Males,29,658450,675112,692956,711723,730875,749683,767513,783735,797864,810825,821325,829482,837133,843121,846263,847574,850722,856833,863512,869027,875820,882477,888996,895370,901594,907663,920742,934687,949855,965805,981272
Males,30,634241,650336,666879,684419,702846,721529,739642,756776,772466,786972,799251,809584,819209,827008,832646,835600,837914,843474,852242,860446,866202,871808,877265,882566,887707,892682,904110,917223,931116,946228,962117
Males,31,610947,627113,642647,658907,676153,694147,712177,729667,746311,762268,776303,788579,800177,809959,817529,822801,826513,831201,839227,849428,854624,859668,864557,869288,873855,878253,889334,900797,913864,927707,942764
Males,32,588215,604960,620062,635358,651356,668229,685639,703101,720160,737152,752512,766366,779906,791647,801275,808446,814336,820292,827262,836636,841867,846949,851880,856656,861272,865723,875075,886189,897612,910635,924429
Males,33,565700,583091,598453,613335,628408,644073,660433,677336,694403,711886,728158,743175,758297,771977,783540,792871,800702,808601,816640,824911,830526,835999,841330,846513,851543,856415,862699,872095,883172,894555,907536
Males,34,543231,561047,576985,592163,606843,621621,636818,652702,669256,686759,703488,719366,735602,750858,764267,775760,785876,795438,805231,814503,820438,826239,831905,837429,842807,848034,853507,859845,869212,880255,891600
Males,35,520894,538808,555316,571080,586079,600485,614837,629624,645169,662185,678884,695128,712192,728550,743473,756975,769358,780959,792244,803182,809757,816210,822540,828741,834808,840735,845180,850705,857023,866361,877369
Males,36,498759,516569,533372,549705,565281,580051,594069,608027,622512,638488,654720,670945,688328,705492,721482,736589,750990,764683,777858,790184,797842,805400,812858,820208,827446,834564,837874,842361,847868,854165,863473
Males,37,476855,494554,511348,527984,544159,559490,573884,587528,601228,616067,631373,647242,664487,681958,698778,714934,730858,746472,761628,775730,784902,794012,803057,812030,820926,829737,831662,835003,839474,844963,851240
Males,38,455304,472598,489522,506129,522607,538554,553508,567556,580953,594915,609235,624305,641056,658378,675562,692487,709375,726437,743404,759365,770303,781232,792147,803041,813910,824744,826776,828728,832057,836513,841983
Males,39,434341,450889,467718,484466,500901,517146,532762,547385,561173,574774,588322,602504,618342,635170,652182,669517,687175,705071,723375,741062,753563,766110,778700,791328,803986,816667,821714,823764,825708,829026,833466
Males,40,414406,429649,446238,462921,479507,495720,511647,526939,541332,555363,568465,581776,596742,612648,629085,646384,664547,683022,702043,720997,734878,748866,762957,777147,791429,805797,813559,818606,820648,822585,825890
Males,41,396003,409365,425293,441741,458276,474667,490586,506221,521297,536035,549359,562000,576177,591195,606668,623511,641698,660508,679984,699618,714594,729734,745036,760496,776109,791868,802609,810355,815381,817414,819343
Males,42,379140,390979,405205,421003,437322,453684,469798,485439,500883,516341,530290,543056,556555,570787,585359,601273,619000,637716,657441,677467,693355,709463,725791,742335,759092,776057,788603,799309,807022,812027,814051
Males,43,363609,374418,387019,401126,416787,432948,449069,464909,480361,496199,510849,524191,537782,551324,565152,580126,596826,615036,634596,654792,671334,688147,705230,722583,740202,758084,772691,785186,795846,803525,808508
Males,44,349193,359186,370603,383103,397099,412592,428522,444415,460064,475870,490955,505017,519102,532724,545914,560065,575744,592881,611846,631836,648815,666106,683714,701636,719871,738419,754591,769125,781561,792172,799815
Males,45,335710,344991,355468,366809,379211,393062,408323,424046,439760,455684,470839,485428,500144,514235,527544,540990,555724,571803,589658,608999,626449,644260,662436,680980,699890,719168,734803,750883,765345,777720,788278
Males,46,323143,331603,341394,351795,363043,375327,388988,404043,419577,435541,450874,465582,480750,495457,509282,522762,536686,551811,568529,586734,604342,622345,640747,659553,678763,698379,715438,730976,746972,761358,773668
Males,47,311312,319275,328108,337815,348146,359292,371390,384869,399766,415506,430945,445865,461078,476230,490701,504640,518476,532768,548493,565512,582964,600825,619101,637797,656915,676457,694551,711503,726955,742864,757170
Males,48,299987,307741,315841,324622,334256,344487,355483,367412,380758,395826,411076,426145,441493,456692,471634,486133,500372,514542,529363,545359,562507,580069,598053,616462,635299,654569,672527,690504,707357,722719,738534
Males,49,289172,296411,304368,312422,321142,330686,340793,351639,363448,376934,391581,406525,421949,437261,452303,467206,481860,496428,511066,526118,542881,560058,577656,595679,614130,633015,650511,668343,686207,702956,718222
Males,50,279053,285343,293077,300978,308998,317629,327048,337039,347771,359662,372859,387288,402470,417860,433100,447960,462877,477895,492873,507691,524064,540849,558054,575681,593737,612225,628813,646173,663885,681631,698267
Males,51,269667,275084,282013,289696,297553,305514,314027,323328,333214,343953,355709,368808,383392,398521,413863,428828,443571,458860,474232,489345,505299,521662,538440,555638,573261,591314,607870,624318,641554,659139,676758
Males,52,260833,265855,271749,278636,286269,294077,301924,310328,319524,329374,340089,351850,365010,379546,394693,409632,424365,439527,455112,470572,486154,502144,518550,535377,552630,570314,586804,603213,619534,636638,654088
Males,53,252345,257178,262490,268353,275184,282757,290475,298222,306525,315644,325552,336354,348116,361222,375796,390512,405136,420250,435679,451310,466631,482368,498530,515123,532153,549625,565630,581958,598230,614417,631379
Males,54,244263,248522,253739,259036,264874,271645,279119,286734,294384,302579,311830,321890,332629,344341,357528,371619,385974,400972,416314,431757,446844,462360,478312,494708,511556,528861,544735,560559,576741,592868,608910
Males,55,236621,240365,245060,250265,255529,261313,267991,275382,282913,290449,298772,308159,318156,328835,340620,353335,367056,381747,396918,412262,427181,442545,458364,474646,491401,508635,523769,539439,555109,571134,587103
Males,56,229119,233016,236853,241545,246717,251943,257655,264238,271549,278965,286608,295064,304380,314321,325058,336406,348775,362760,377597,392753,407581,422879,438657,454926,471697,488978,503367,518285,533791,549297,565154
Males,57,221348,225917,229425,233271,237935,243050,248204,253843,260361,267540,275081,282885,291261,300502,310509,320816,331814,344447,358536,373334,388063,403286,419017,435268,452051,469379,483573,497744,512495,527828,543161
Males,58,213134,218298,222251,225755,229584,234216,239251,244337,249902,256282,263621,271327,279015,287326,296654,306216,316157,327408,340140,354172,368740,383825,399441,415604,432327,449625,463881,477860,491864,506440,521592
Males,59,204487,210023,214537,218483,221977,225771,230337,235300,240321,245738,252300,259828,267391,275008,283417,292288,301463,311664,322993,335663,349958,364784,380158,396094,412608,429717,444022,458060,471864,485692,500085
Males,60,195521,201215,206186,210675,214597,218079,221800,226297,231206,236063,241679,248442,255804,263293,271017,278941,287421,296852,307105,318376,332227,346607,361532,377019,393084,409744,423999,438080,451930,465549,479192
Males,61,186425,191997,197306,202240,206687,210579,214015,217672,222114,226867,231912,237707,244315,251611,259173,266438,273959,282682,292169,302340,315579,329327,343601,358417,373791,389738,403926,417952,431832,445484,458909
Males,62,177381,182643,188035,193291,198180,202578,206407,209786,213400,217700,222606,227822,233487,240004,247368,254487,261366,269120,277876,287266,299837,312890,326443,340509,355105,370245,383784,397724,411534,425201,438643
Males,63,168347,173624,178620,183970,189153,193969,198299,202077,205412,208884,213330,218388,223465,229067,235653,242570,249311,256387,264187,272852,284793,297193,310067,323429,337293,351675,364144,377422,391131,404712,418151
Males,64,159307,164610,169547,174488,179773,184871,189605,193864,197578,200787,204418,208979,213897,218916,224587,230740,237275,244209,251302,259015,270384,282191,294451,307178,320385,334087,345464,357673,370715,384180,397520
Males,65,150424,155352,160507,165358,170236,175427,180432,185065,189255,192855,196175,199930,204361,209199,214310,219557,225322,232028,238973,245966,256759,267968,279607,291688,304226,317233,327788,338915,350893,363688,376898
Males,66,141828,146295,151227,156282,161061,165839,170919,175819,180367,184443,188108,191512,195173,199532,204442,209138,214011,219951,226659,233480,243532,253963,264784,276007,287644,299705,310846,321162,332064,343800,356336
Males,67,133549,137671,142169,146997,151940,156634,161305,166254,171063,175510,179577,183246,186589,190203,194593,199124,203495,208515,214456,221026,230244,239795,249689,259936,270544,281524,293219,304096,314187,324853,336334
Males,68,125207,129837,133524,137926,142648,147468,152045,156608,161438,166157,170523,174521,178151,181432,185061,189129,193386,197879,202881,208690,217199,226006,235120,244549,254302,264385,274911,286306,296925,306779,317193
Males,69,116582,121818,125664,129261,133551,138161,142845,147289,151731,156485,161056,165292,169262,172805,176081,179464,183308,187631,192112,196992,204883,213044,221483,230207,239223,248537,257621,267845,278946,289291,298891
Males,70,107826,113100,117614,121354,124870,129040,133503,138048,142351,146721,151298,155689,159888,163761,167269,170319,173513,177405,181699,186059,193331,200845,208606,216621,224894,233433,241625,250413,260351,271142,281197
Males,71,99169,104149,108926,113294,116922,120341,124383,128688,133077,137303,141462,145832,150170,154253,158092,161343,164177,167447,171322,175473,182168,189077,196207,203562,211147,218967,226421,234322,242845,252483,262948
Males,72,90719,95475,100025,104653,108869,112367,115672,119559,123719,128027,131995,135919,140244,144451,148458,152037,155089,157969,161253,164977,171166,177550,184132,190917,197909,205113,211897,219072,226717,234964,244290
Males,73,82571,87027,91425,95818,100270,104323,107684,110868,114609,118682,122704,126399,130288,134479,138551,142350,145771,148807,151676,154835,160506,166349,172368,178567,184948,191516,197955,204472,211396,218772,226730
Males,74,75002,78645,83080,87299,91506,95792,99668,102880,105932,109616,113373,117094,120750,124493,128512,132429,136110,139454,142457,145202,150320,155584,160999,166566,172289,178169,184261,190428,196696,203357,210454
Males,75,68209,70901,74801,79045,83089,87108,91218,94920,97971,100984,104339,107783,111468,114957,118494,122415,126250,129783,133054,135933,140544,145281,150145,155138,160263,165521,170854,176672,182586,188596,194983
Males,76,62330,63956,67191,70910,74951,78808,82625,86539,90067,93061,95765,98799,102204,105724,108968,112439,116325,119950,123374,126526,130721,135027,139445,143976,148622,153385,158173,163253,168813,174463,180206
Males,77,57396,57991,60363,63442,66967,70796,74454,78082,81785,85230,87901,90297,93313,96534,99692,103095,106723,110238,113685,116995,120846,124797,128850,133006,137266,141632,146038,150594,155431,160724,166104
Males,78,53372,53073,54506,56740,59654,62985,66593,70053,73471,77073,80162,82529,84907,87762,90630,93907,97445,100705,104041,107352,110941,114625,118407,122287,126266,130347,134269,138450,142770,147355,152374
Males,79,50031,49230,49649,50996,53114,55849,58976,62369,65604,68922,72168,74909,77244,79489,82008,84979,88361,91538,94610,97790,101144,104591,108132,111769,115504,119337,122885,126572,130513,134585,138908
Males,80,46918,46367,45822,46226,47500,49479,52026,54958,58138,61243,64195,67106,69769,71948,73908,76526,79571,82591,85585,88497,91602,94797,98081,101458,104928,108493,111780,115068,118520,122211,126025
Males,81,43805,43521,42935,42443,42825,44019,45864,48231,50952,53987,56759,59372,62182,64662,66544,68606,71282,73992,76809,79639,82455,85352,88332,91397,94547,97785,100977,103989,107047,110259,113693
Males,82,40701,40363,40070,39537,39099,39466,40574,42282,44467,47071,49739,52164,54694,57295,59463,61419,63558,65914,68426,71078,73626,76248,78947,81724,84581,87518,90471,93386,96171,99000,101971
Males,83,37752,37086,36933,36677,36195,35807,36154,37176,38743,40775,43151,45588,47835,50173,52526,54610,56493,58428,60598,62954,65282,67682,70155,72703,75327,78029,80506,83205,85887,88448,91050
Males,84,35245,33841,33700,33586,33357,32921,32586,32908,33838,35237,37173,39439,41615,43682,45826,47979,49877,51613,53381,55369,57502,59705,61979,64325,66746,69243,71307,73568,76035,78485,80825
Males,85,32390,32245,30529,30419,30331,30136,29743,29447,29750,30565,31909,33732,35757,37744,39616,41560,43519,45244,46825,48446,50379,52379,54446,56582,58790,61070,62759,64627,66676,68912,71132
Males,86,28045,31184,28887,27361,27273,27203,27025,26682,26426,26679,27471,28741,30356,32183,33978,35670,37423,39197,40753,42180,43897,45675,47514,49417,51385,53419,54811,56313,57989,59828,61834
Males,87,22402,27496,27709,25684,24330,24262,24213,24061,23751,23510,23793,24542,25663,27107,28741,30358,31868,33439,35022,36426,37916,39458,41054,42705,44414,46180,47397,48598,49930,51417,53047
Males,88,20998,16231,24220,24421,22652,21458,21413,21380,21249,20966,20789,21073,21727,22721,24010,25460,26896,28233,29633,31036,32317,33643,35016,36437,37908,39430,40489,41507,42559,43725,45028
Males,89,62185,18314,17213,19157,19844,19519,19028,18804,18680,18564,18471,18506,18783,19338,20147,21172,22337,23540,24737,25941,27072,28246,29465,30730,32043,33404,34230,35106,35989,36901,37913
Males,90,0,51397,15832,14891,16587,17188,16918,16499,16312,16209,16112,16038,16073,16320,16808,17514,18407,19418,20470,21514,22503,23533,24605,25720,26879,28085,28762,29448,30202,30961,31746
Males,91,0,0,42065,13549,12754,14214,14738,14514,14160,14002,13924,13847,13785,13823,14036,14457,15069,15840,16715,17620,18478,19373,20308,21283,22300,23361,23917,24471,25054,25695,26341
Males,92,0,0,0,34068,11476,10812,12053,12500,12315,12025,11896,11830,11769,11722,11756,11945,12303,12829,13485,14232,14960,15722,16519,17353,18225,19137,19586,20015,20478,20966,21502
Males,93,0,0,0,0,27287,9608,9054,10101,10482,10333,10094,9986,9934,9889,9854,9886,10046,10348,10792,11348,11942,12564,13217,13899,14615,15363,15758,16082,16435,16815,17216
Males,94,0,0,0,0,0,21600,7947,7493,8364,8681,8565,8367,8284,8243,8211,8183,8209,8343,8596,8968,9433,9921,10431,10966,11525,12110,12430,12704,12966,13249,13556
Males,95,0,0,0,0,0,0,16880,6488,6120,6835,7097,7005,6847,6780,6752,6726,6703,6728,6838,7049,7392,7749,8122,8512,8918,9341,9640,9854,10072,10279,10504
Males,96,0,0,0,0,0,0,0,13017,5220,4930,5511,5724,5651,5528,5476,5455,5430,5413,5441,5529,5763,6006,6257,6518,6788,7068,7349,7550,7717,7888,8050
Males,97,0,0,0,0,0,0,0,0,9896,4142,3913,4377,4548,4494,4397,4356,4337,4321,4308,4331,4480,4633,4791,4952,5119,5289,5530,5723,5880,6010,6143
Males,98,0,0,0,0,0,0,0,0,0,7411,3236,3061,3422,3562,3516,3439,3408,3397,3385,3378,3457,3537,3618,3700,3783,3867,4067,4232,4380,4500,4600
Males,99,0,0,0,0,0,0,0,0,0,0,5459,2488,2355,2632,2742,2708,2647,2626,2618,2610,2639,2669,2698,2726,2755,2783,2893,3028,3151,3261,3350
Males,100,0,0,0,0,0,0,0,0,0,0,0,3954,1882,1782,1990,2074,2046,2005,1990,1984,1984,1983,1982,1980,1978,1976,2019,2089,2186,2275,2355
Males,101,0,0,0,0,0,0,0,0,0,0,0,0,2812,1403,1327,1480,1539,1526,1492,1486,1467,1447,1428,1408,1389,1369,1380,1403,1451,1519,1581
Males,102,0,0,0,0,0,0,0,0,0,0,0,0,0,1958,1025,967,1083,1126,1112,1092,1062,1033,1004,976,949,922,920,923,938,971,1016
Males,103,0,0,0,0,0,0,0,0,0,0,0,0,0,0,1329,733,694,771,808,799,760,723,687,653,621,590,594,590,592,602,623
Males,104,0,0,0,0,0,0,0,0,0,0,0,0,0,0,0,881,516,489,546,569,525,484,447,412,380,350,362,363,361,362,368
Males,105,0,0,0,0,0,0,0,0,0,0,0,0,0,0,0,0,570,353,337,373,336,302,272,245,220,198,204,210,211,209,210
Males,106,0,0,0,0,0,0,0,0,0,0,0,0,0,0,0,0,0,350,235,226,179,141,112,88,70,55,109,112,115,115,115
Males,107,0,0,0,0,0,0,0,0,0,0,0,0,0,0,0,0,0,0,204,155,0,0,0,0,0,0,28,56,57,59,59
Males,108,0,0,0,0,0,0,0,0,0,0,0,0,0,0,0,0,0,0,0,100,0,0,0,0,0,0,0,14,27,28,28
Males,109,0,0,0,0,0,0,0,0,0,0,0,0,0,0,0,0,0,0,0,0,0,0,0,0,0,0,0,0,6,12,12
Males,110,0,0,0,0,0,0,0,0,0,0,0,0,0,0,0,0,0,0,0,0,0,0,0,0,0,0,0,0,0,0,0
Females,0,1167057,1176672,1179795,1180549,1180421,1179044,1172515,1163437,1155631,1150310,1142325,1131482,1125683,1121281,1117292,1110442,1102920,1100662,1098605,1097152,1096610,1095779,1094670,1093272,1091590,1089615,1093923,1086739,1078850,1070425,1061494
Females,1,1146466,1157890,1165520,1168984,1170254,1170669,1169744,1163606,1155000,1148241,1140772,1131736,1123694,1118668,1114347,1109165,1102499,1097423,1096785,1094538,1093076,1091328,1089304,1086997,1084411,1081537,1082768,1087520,1080371,1072527,1064151
Females,2,1131390,1140176,1151872,1159567,1163193,1164723,1165294,1164442,1158557,1149363,1142564,1136198,1128405,1120979,1115566,1110822,1106371,1101336,1097571,1097094,1096817,1096254,1095408,1094275,1092856,1091143,1079973,1081213,1085960,1078816,1070983
Females,3,1119138,1122734,1134380,1145994,1153768,1157554,1159154,1159713,1159043,1151686,1143762,1139370,1133358,1126097,1118188,1112537,1108603,1105487,1101600,1098002,1098787,1099284,1099499,1099424,1099059,1098399,1089922,1078750,1079993,1084735,1077595
Females,4,1108838,1111184,1116869,1128337,1139956,1147859,1151639,1153174,1153860,1151143,1145951,1141314,1136620,1131059,1123404,1115156,1110138,1107481,1105409,1101583,1102345,1102819,1103008,1102909,1102517,1101829,1097300,1088824,1077662,1078908,1083647
Females,5,1099783,1105005,1106802,1112376,1123854,1135568,1143489,1147221,1148856,1148563,1146437,1142777,1138655,1134385,1128430,1120453,1112810,1108964,1107279,1105216,1105133,1104760,1104103,1103157,1101920,1100388,1100710,1096183,1087713,1076560,1077811
Females,6,1090861,1096151,1100903,1102564,1108146,1119705,1131434,1139310,1143128,1143767,1144134,1143548,1140302,1136579,1131859,1125762,1118478,1111832,1108866,1107221,1106485,1105461,1104153,1102557,1100672,1098495,1099157,1099478,1094953,1086490,1075348
Females,7,1083630,1085762,1092432,1097056,1098696,1104362,1115923,1127592,1135546,1138529,1139612,1141265,1141164,1138278,1133975,1129381,1124163,1117623,1111740,1108892,1107550,1105921,1104009,1101812,1099328,1096554,1097146,1097807,1098128,1093604,1085148
Females,8,1078439,1078357,1082353,1088889,1093490,1095183,1100835,1112335,1124068,1131425,1134480,1136422,1138719,1138946,1135433,1131374,1127712,1123083,1117269,1111518,1109368,1106934,1104219,1101222,1097943,1094379,1095107,1095698,1096358,1096678,1092156
Females,9,1074615,1074268,1075232,1079104,1085608,1090243,1091924,1097510,1109047,1120616,1127339,1130502,1133461,1136058,1135606,1132383,1129300,1126162,1122215,1116473,1113537,1110319,1106824,1103051,1099000,1094669,1092850,1093579,1094169,1094828,1095147
Females,10,1070916,1072068,1071344,1072189,1076034,1082559,1087174,1088801,1094418,1106201,1116445,1122528,1127119,1130387,1132226,1132146,1129978,1127383,1124905,1121020,1117616,1113932,1109972,1105738,1101227,1096440,1093044,1091231,1091961,1092550,1093208
Females,11,1065627,1070150,1069083,1068239,1069058,1072926,1079435,1083985,1085638,1091717,1101781,1111021,1118804,1123725,1126119,1128457,1129580,1127845,1125947,1123548,1120024,1116220,1112141,1107787,1103157,1098252,1094652,1091262,1089454,1090187,1090774
Females,12,1057851,1065887,1067075,1065882,1065013,1065871,1069694,1076146,1080726,1083075,1086971,1095603,1106877,1115014,1118924,1121952,1125705,1127226,1126220,1124432,1121114,1117513,1113637,1109483,1105051,1100342,1096155,1092563,1089179,1087377,1088112
Females,13,1048033,1057286,1062615,1063663,1062439,1061609,1062430,1066180,1072644,1078143,1077851,1079941,1090933,1102595,1109589,1114224,1118851,1123031,1125359,1124458,1121330,1117919,1114231,1110264,1106017,1101491,1097746,1093565,1089983,1086608,1084813
Females,14,1037006,1045785,1053579,1058762,1059760,1058559,1057688,1058419,1062189,1069626,1072210,1069960,1074669,1086084,1096471,1104255,1110662,1115769,1120845,1123273,1120296,1117034,1113495,1109676,1105577,1101197,1098289,1094549,1090379,1086809,1083444
Females,15,1024583,1034230,1041457,1049070,1054185,1055198,1053936,1052956,1053706,1058367,1062832,1063523,1064032,1069211,1079259,1090434,1100113,1107113,1113217,1118389,1116089,1113502,1110634,1107484,1104049,1100330,1097371,1094467,1090737,1086581,1083025
Females,16,1009740,1022194,1029129,1036110,1043628,1048777,1049692,1048281,1047331,1048756,1050611,1053498,1056936,1057977,1061724,1072457,1085581,1096028,1104178,1110341,1109138,1107648,1105873,1103812,1101463,1098824,1095922,1092966,1090073,1086355,1082214
Females,17,991935,1007275,1016255,1022897,1029790,1037312,1042343,1043086,1041695,1041157,1040035,1040702,1046301,1050314,1049899,1054201,1066850,1080982,1092698,1100866,1100839,1100525,1099927,1099041,1097865,1096395,1093908,1091011,1088068,1085189,1081484
Females,18,971239,988860,1000586,1009227,1015759,1022659,1030057,1034889,1035649,1034406,1031541,1029615,1032953,1039169,1041694,1041686,1047917,1061801,1077334,1089022,1090465,1091625,1092504,1093097,1093400,1093410,1091088,1088608,1085723,1082795,1079930
Females,19,947774,967464,981446,992801,1001310,1007857,1014618,1021776,1026628,1027255,1023964,1020734,1021396,1025397,1030130,1032899,1034792,1042460,1057874,1073248,1076602,1079684,1082495,1085030,1087282,1089246,1087809,1085494,1083025,1080154,1077240
Females,20,921892,943171,959410,972988,984204,992725,999121,1005616,1012796,1017217,1016166,1012977,1012197,1013549,1016068,1020923,1025560,1029055,1038348,1053818,1059434,1064801,1069919,1074780,1079377,1083702,1083429,1081998,1079691,1077235,1074377
Females,21,894105,916514,934670,950468,963896,975123,983474,989608,996122,1002606,1005692,1005146,1004257,1004189,1004055,1006659,1013372,1019690,1024871,1034251,1041884,1049299,1056494,1063459,1070187,1076668,1077662,1077392,1075962,1073664,1071222
Females,22,864862,888012,907620,925330,940974,954406,965458,973533,979693,985209,990809,994924,996421,996235,994674,994626,999106,1007503,1015530,1020809,1029232,1037453,1045470,1053273,1060853,1068200,1070531,1071519,1071244,1069817,1067528
Females,23,834747,858235,878978,898122,915667,931339,944587,955360,963467,968403,973426,980420,986329,988541,986874,985428,987247,993385,1003470,1011635,1019944,1028053,1035959,1043653,1051124,1058365,1062131,1064444,1065420,1065141,1063716
Females,24,804440,827895,849385,869677,888663,906236,921733,934712,945524,952371,956929,963441,972122,978731,979473,977929,978344,981778,989551,999816,1008239,1016468,1024498,1032323,1039931,1047313,1052495,1056233,1058527,1059491,1059207
Females,25,774545,797558,819510,840561,860712,879727,897158,912393,925406,935080,941467,947347,955554,964907,970094,971005,971266,973195,978207,986213,994879,1003359,1011650,1019743,1027628,1035295,1041670,1046817,1050529,1052803,1053756
Females,26,745640,767784,789805,811372,832308,852481,871367,888574,903850,915944,924933,932310,939948,948785,956780,962170,964840,966511,969915,975201,983610,991832,999865,1007699,1015325,1022734,1029955,1036292,1041407,1045094,1047350
Females,27,718064,739128,760727,782409,803867,824835,844902,863586,880820,895439,906633,916246,925419,933651,941215,949428,956499,960467,963513,967218,974860,982305,989552,996591,1003414,1010012,1017711,1024892,1031193,1036278,1039940
Females,28,691975,711863,732738,754041,775626,797117,817994,837880,856595,873373,886945,898505,909894,919635,926699,934463,944233,952504,957759,961096,967696,974086,980266,986227,991960,997459,1005287,1012946,1020091,1026360,1031416
Females,29,667341,686312,706097,726693,747922,769550,790962,811674,831593,849984,865665,879419,892706,904608,913281,920528,929717,940588,950031,955595,961119,966423,971505,976358,980975,985349,993006,1000795,1008419,1015529,1021766
Females,30,643771,662438,681038,700592,721132,742384,763943,785211,805956,825591,842985,858820,874148,887890,898853,907652,916150,926381,938332,948096,952975,957628,962056,966251,970207,973918,981165,988781,996537,1004127,1011206
Females,31,620750,639715,657572,675965,695445,716032,737232,758644,779945,800365,819194,836835,854047,869786,882720,893730,903596,913094,924317,936579,941598,946396,950973,955322,959437,963310,970007,977211,984797,992522,1000081
Females,32,597988,617495,635269,652935,671286,690799,711325,732411,753851,774873,794577,813613,832485,850082,865141,878025,889921,900757,911163,922709,928390,933861,939123,944167,948986,953573,959650,966305,973484,981041,988737
Females,33,575345,595321,613465,631075,648703,667068,686542,706988,728082,749310,769624,789438,809628,828848,845865,860784,874401,887233,898897,909610,915964,922120,928079,933831,939370,944688,950137,956174,962806,969960,977492
Females,34,552750,572920,591589,609584,627163,644824,663142,682530,702991,723886,744468,764897,785739,806234,825005,841803,857283,871821,885422,897341,904347,911169,917805,924248,930489,936521,941452,946866,952884,959494,966625
Females,35,530259,550351,569385,587910,605886,623493,641099,659323,678737,698979,719355,740105,761435,782557,802651,821157,838417,854778,870025,883849,891764,899514,907097,914505,921729,928760,933486,938392,943789,949789,956379
Females,36,508010,527817,546968,565872,584368,602358,619928,637458,655683,674837,694686,715312,736839,758409,779170,798988,817903,835977,852977,868447,877652,886724,895657,904444,913075,921540,925903,930612,935503,940884,946866
Females,37,486117,505519,524566,543604,562452,580966,598918,616409,633948,651872,670750,690924,712201,733949,755203,775692,795856,815519,834184,851386,862257,873038,883725,894309,904780,915128,918797,923146,927841,932718,938084
Females,38,464686,483543,502369,521289,540288,559145,577616,595488,612984,630192,647964,667245,687944,709412,730885,751870,772645,793505,813713,832549,845227,857873,870484,883049,895558,908000,912442,916095,920432,925114,929976
Females,39,444087,461767,480506,499217,518086,537094,555912,574297,592166,609315,626442,644646,664369,685234,706472,727653,748843,770290,791640,811998,826312,840659,855034,869427,883828,898226,905340,909758,913400,917724,922392
Females,40,424665,440789,458846,477487,496143,515009,533969,552713,571102,588645,605712,623246,641846,661732,682406,703311,724627,746465,768377,789844,805579,821414,837343,853357,869447,885603,895573,902652,907054,910683,914995
Females,41,406602,421189,437985,455928,474540,493185,511983,530892,549622,567697,585164,602597,620497,639237,658949,679295,700312,722235,744482,766507,783411,800479,817707,835087,852611,870268,882950,892874,899928,904312,907930
Females,42,389933,403063,418467,435184,453084,471676,490283,509001,527885,546343,564324,582103,599879,617908,636491,655885,676308,697898,720201,742533,760333,778356,796600,815059,833724,852588,867623,880251,890142,897170,901538
Females,43,374488,386499,400393,415699,432389,450279,468809,487347,506041,524652,543045,561344,579421,597292,615172,633457,652908,673856,695801,718158,736563,755243,774196,793418,812901,832638,849979,864962,877548,887405,894408
Females,44,360059,371321,383881,397697,412965,429642,447482,465936,484447,502867,521437,540140,558689,576857,594624,612143,630430,650415,671683,693673,712613,731878,751470,771385,791617,812162,830049,847339,862273,874818,884641
Females,45,346537,357045,368777,381258,395045,410291,426925,444694,463121,481373,499749,518583,537517,556150,574234,591591,609045,627871,648161,669448,688917,708767,729000,749615,770608,791976,809537,827366,844598,859482,871983
Females,46,333835,343558,354542,366183,378635,392413,407612,424174,441916,460064,478310,496989,515973,534959,553581,571202,588405,606414,625532,645812,665588,685790,706423,727486,748978,770898,789278,806767,824535,841707,856537
Females,47,321715,331104,341055,351972,363588,376021,389757,404891,421422,438891,457040,475586,494398,513423,532418,550533,567945,585706,603976,623072,642945,663278,684077,705344,727079,749283,768140,786436,803861,821565,838675
Females,48,309984,319230,328613,338517,349400,360998,373398,387079,402171,418450,435919,454315,472985,491832,510857,529355,547243,565186,583205,601442,621217,641474,662221,683460,705193,727421,746502,765278,783506,800865,818503
Females,49,298670,307429,316761,326082,335954,346837,358386,370734,384376,399238,415503,433196,451705,470393,489212,507794,526117,544468,562617,580614,600167,620217,640771,661833,683406,705492,724614,743624,762328,780485,797776
Females,50,287969,295813,304954,314235,323514,333379,344228,355724,368042,381470,396306,412764,430568,449097,467741,486136,504542,523285,541829,559947,579257,599077,619415,640275,661663,683581,702617,721671,740604,759231,777314
Females,51,277955,284971,293333,302416,311665,320933,330762,341564,353030,365143,378547,393550,410109,427927,446422,464626,482795,501619,520532,539036,558138,577766,597929,618635,639887,661692,680611,699574,718546,737396,755943
Females,52,268452,275104,282466,290771,299821,309046,318288,328073,338828,350102,362214,375785,390861,407429,425257,443244,461160,479770,498757,517579,536540,556049,576120,596759,617973,639769,658620,677462,696337,715221,733984
Females,53,259343,265701,272575,279891,288168,297196,306388,315583,325326,335903,347155,359411,373064,388137,404742,422018,439658,458021,476788,495678,514541,533982,554014,574647,595891,617754,636564,655331,674080,692861,711650
Females,54,250656,256495,263151,269978,277268,285525,294511,303668,312814,322397,332934,344293,356631,370283,385410,401445,418361,436441,454941,473595,492366,511747,531753,552397,573690,595644,614391,633106,651771,670418,689097
Females,55,242361,247744,253891,260506,267305,274571,282790,291727,300845,309836,319371,330013,341448,353784,367488,382059,397725,415056,433260,451652,470297,489584,509530,530150,551459,573469,592103,610738,629341,647894,666429
Females,56,234259,239628,245083,251195,257779,264550,271782,279953,288858,297808,306742,316394,327096,338532,350910,364079,378285,394354,411790,429866,448362,467532,487396,507971,529274,551322,569755,588259,606773,625256,643688
Females,57,226010,231886,236897,242325,248396,254964,261698,268869,276998,285741,294660,303713,313394,324083,335569,347429,360243,374827,390998,408310,426630,445656,465410,485912,507183,529243,547476,565774,584149,602533,620886
Females,58,217504,223706,229084,234054,239446,245514,252040,258717,265858,273814,282518,291559,300636,310295,321049,332008,343505,356691,371365,387397,405440,424213,443740,464045,485149,507078,525286,543385,561546,579784,598030
Females,59,208778,215109,220826,226157,231095,236478,242508,248971,255608,262584,270529,279348,288391,297456,307191,317384,327946,339829,353098,367628,385240,403590,422705,442609,463328,484886,502979,521045,538998,557013,575104
Females,60,199834,206337,212162,217832,223122,228041,233377,239364,245791,252247,259225,267291,276100,285111,294258,303424,313197,324157,336123,349225,366249,384003,402514,421806,441906,462839,480645,498586,516494,534290,552147
Females,61,190785,197247,203329,209096,214720,219991,224876,230160,236096,242382,248822,255862,263929,272713,281778,290395,299176,309303,320336,332152,348449,365450,383182,401669,420936,441009,458485,476137,493911,511650,529279
Females,62,181813,187889,194183,200188,205909,211509,216735,221554,226805,232607,238837,245349,252397,260418,269241,277814,286091,295182,305348,316242,331715,347854,364684,382229,400511,419555,436529,453849,471324,488917,506476
Females,63,172996,178807,184753,190981,196929,202610,208154,213313,218092,223216,228978,235251,241762,248771,256802,265179,273441,281991,291122,301139,315755,330994,346878,363430,380671,398622,414931,431737,448867,466150,483550
Females,64,164289,170029,175634,181498,187671,193565,199167,204657,209769,214440,219488,225251,231546,238004,245010,252652,260755,269217,277782,286790,300586,314964,329945,345547,361791,378697,393864,409995,426601,443527,460604
Females,65,155777,161163,166808,172333,178126,184223,190059,195579,201006,206018,210598,215634,221410,227646,234085,240748,248156,256416,264887,273324,286341,299899,314018,328716,344011,359920,373831,388826,404750,421143,437853
Females,66,147517,152497,157891,163447,168886,174604,180619,186362,191826,197139,202036,206616,211670,217388,223572,229705,236174,243702,251943,260290,272427,285056,298193,311854,326055,340810,354927,368672,383460,399164,415331
Females,67,139455,144265,149174,154473,159938,165295,170919,176850,182495,187844,193048,197895,202497,207505,213159,219059,225012,231581,239091,247197,258352,269940,281975,294469,307435,320886,335670,349605,363143,377709,393179
Females,68,131336,136480,140877,145692,150900,156278,161550,167054,172874,178401,183617,188767,193625,198174,203116,208503,214229,220261,226803,234179,244461,255129,266193,277664,289552,301869,315608,330184,343890,357206,371534
Females,69,122886,128726,133053,137355,142082,147183,152450,157612,163009,168705,174066,179201,184344,189132,193618,198321,203540,209328,215324,221732,231240,241093,251301,261872,272816,284141,296405,309920,324234,337692,350768
Females,70,114187,120240,125260,129481,133694,138321,143312,148446,153489,158765,164278,169512,174624,179703,184426,188641,193173,198477,204223,210071,218797,227826,237166,246824,256807,267123,278470,290497,303744,317772,330961
Females,71,105586,111152,116748,121628,125761,129878,134386,139247,144258,149159,154251,159622,164816,169849,174881,179278,183256,187912,193181,198770,206764,215023,223554,232363,241455,250835,261324,272430,284196,297157,310881
Females,72,97308,102314,107673,113101,117860,121896,125894,130289,135010,139871,144578,149515,154832,159926,164902,169582,173740,177834,182455,187572,194933,202530,210369,218455,226790,235381,244977,255241,266088,277581,290240
Females,73,89386,94045,98863,104050,109323,113954,117876,121747,126011,130590,135234,139767,144664,149853,154842,159527,163992,168203,172267,176751,183486,190429,197583,204952,212539,220348,229437,238828,248834,259409,270613
Females,74,81997,85889,90615,95270,100285,105404,109899,113681,117426,121556,125898,130367,134848,139605,144657,149393,153889,158360,162516,166452,172519,178761,185181,191782,198564,205532,214210,223084,232215,241945,252227
Females,75,75407,78148,82506,87063,91557,96393,101342,105679,109323,112940,116845,121005,125408,129744,134328,139145,143716,148171,152553,156589,162023,167601,173326,179201,185225,191400,199198,207642,216244,225095,234526
Females,76,69737,71383,74822,79012,83398,87722,92380,97133,101315,104837,108216,111920,116027,120265,124401,128782,133443,137931,142283,146527,151459,156515,161699,167011,172451,178021,184963,192541,200703,209018,217574
Females,77,65021,65593,68103,71398,75426,79626,83768,88242,92801,96837,100106,103281,106936,110872,114779,118981,123462,127803,132119,136413,140943,145585,150342,155213,160200,165302,171584,178348,185655,193525,201543
Females,78,61214,60823,62353,64746,67897,71754,75755,79713,83994,88365,92125,95193,98325,101827,105422,109364,113646,117792,121953,126203,130445,134794,139252,143820,148498,153287,158887,165042,171548,178576,186145
Females,79,58083,57143,57581,59051,61323,64324,67983,71782,75558,79655,83725,87239,90247,93242,96415,100051,104048,107999,111958,116021,120026,124138,128357,132684,137122,141669,146698,152182,158077,164308,171040
Females,80,55057,54590,53865,54280,55680,57830,60686,64142,67739,71337,75128,78933,82346,85206,87907,91115,94776,98441,102201,106050,109829,113713,117704,121804,126012,130331,134769,139645,144866,150478,156409
Females,81,51859,51860,51210,50540,50938,52271,54303,56978,60251,63667,66975,70490,74163,77396,79958,82675,85922,89267,92733,96353,99883,103516,107253,111096,115046,119105,123237,127497,132111,137051,142359
Females,82,48613,48445,48405,47803,47190,47580,48834,50732,53247,56324,59480,62563,65917,69388,72314,74852,77562,80517,83667,86978,90271,93664,97160,100759,104465,108277,111994,115941,119949,124290,128937
Females,83,45496,44932,44962,44925,44372,43819,44192,45364,47139,49462,52342,55324,58213,61354,64524,67356,69843,72308,75065,78043,81141,84340,87642,91050,94565,98189,101266,104824,108518,112270,116332
Females,84,42777,41506,41443,41478,41450,40946,40450,40795,41888,43456,45749,48579,51258,53936,56853,59795,62427,64738,67028,69580,72503,75529,78661,81901,85252,88717,91290,94246,97557,100996,104487
Females,85,39449,39942,38039,37979,38022,38012,37556,37102,37428,38376,39943,42191,44735,47202,49675,52361,55065,57501,59642,61747,64475,67307,70244,73291,76449,79722,81879,84344,87075,90134,93311
Females,86,34093,38848,36357,34631,34583,34629,34631,34222,33812,34054,35029,36589,38586,40914,43176,45433,47901,50383,52612,54569,57040,59607,62273,65042,67915,70897,72928,74975,77232,79734,82535
Females,87,27086,34041,35114,32861,31312,31277,31333,31329,30961,30557,30860,31844,33216,35031,37148,39198,41258,43508,45762,47784,49965,52231,54586,57033,59573,62210,64143,66025,67879,69923,72187
Females,88,24515,20577,30523,31499,29480,28093,28078,28129,28131,27761,27475,27827,28679,29916,31553,33465,35323,37177,39205,41237,43146,45133,47198,49345,51576,53893,55565,57298,58980,60635,62460
Females,89,71670,21786,21569,24552,25890,25746,25280,25093,25019,24948,24865,24909,25259,25977,27020,28360,29904,31524,33197,34933,36642,38424,40282,42219,44237,46340,47613,49084,50615,52100,53562
Females,90,0,60308,19216,19031,21672,22858,22741,22334,22179,22116,22057,21986,22033,22345,22982,23912,25097,26464,27908,29392,30903,32484,34136,35864,37668,39553,40625,41763,43053,44395,45698
Females,91,0,0,50257,16792,16630,18942,19988,19890,19539,19404,19358,19313,19254,19297,19580,20140,20955,21999,23201,24465,25777,27152,28593,30103,31684,33339,34365,35343,36333,37455,38622
Females,92,0,0,0,41455,14521,14377,16386,17294,17216,16915,16805,16768,16734,16685,16728,16971,17466,18175,19082,20125,21236,22401,23625,24910,26257,27669,28554,29462,30300,31149,32111
Females,93,0,0,0,0,33819,12413,12293,14019,14800,14736,14481,14389,14364,14335,14298,14338,14554,14979,15586,16368,17282,18242,19251,20311,21422,22589,23273,24015,24780,25484,26198
Females,94,0,0,0,0,0,27268,10494,10386,11846,12508,12465,12249,12171,12156,12134,12106,12145,12326,12685,13206,13935,14700,15504,16347,17231,18158,18711,19272,19887,20520,21103
Females,95,0,0,0,0,0,0,21710,8755,8662,9881,10437,10404,10224,10163,10154,10139,10120,10153,10309,10613,11169,11752,12362,13000,13667,14365,14865,15326,15786,16290,16808
Females,96,0,0,0,0,0,0,0,17043,7200,7123,8127,8586,8564,8420,8371,8367,8357,8342,8373,8503,8906,9325,9762,10217,10689,11181,11659,12085,12459,12833,13242
Females,97,0,0,0,0,0,0,0,0,13189,5832,5770,6587,6960,6948,6833,6790,6791,6787,6779,6801,7061,7329,7605,7889,8182,8484,8865,9259,9597,9894,10191
Females,98,0,0,0,0,0,0,0,0,0,10044,4651,4602,5248,5555,5550,5457,5425,5426,5423,5418,5564,5713,5864,6018,6174,6332,6555,6860,7165,7427,7657
Females,99,0,0,0,0,0,0,0,0,0,0,7522,3648,3612,4117,4360,4353,4283,4262,4264,4265,4335,4405,4475,4545,4615,4685,4754,4929,5159,5388,5585
Females,100,0,0,0,0,0,0,0,0,0,0,0,5526,2810,2783,3174,3361,3358,3304,3289,3292,3312,3332,3351,3369,3386,3403,3408,3464,3591,3758,3925
Females,101,0,0,0,0,0,0,0,0,0,0,0,0,3980,2121,2105,2400,2541,2543,2502,2490,2478,2466,2453,2439,2425,2410,2389,2397,2436,2526,2644
Females,102,0,0,0,0,0,0,0,0,0,0,0,0,0,2804,1572,1558,1781,1886,1885,1855,1822,1788,1755,1722,1690,1657,1627,1616,1621,1648,1709
Females,103,0,0,0,0,0,0,0,0,0,0,0,0,0,0,1928,1142,1130,1291,1370,1367,1315,1264,1215,1168,1122,1078,1072,1055,1047,1050,1068
Females,104,0,0,0,0,0,0,0,0,0,0,0,0,0,0,0,1287,810,805,915,971,908,849,794,742,694,648,664,662,651,647,648
Females,105,0,0,0,0,0,0,0,0,0,0,0,0,0,0,0,0,830,560,558,637,583,533,487,446,407,372,379,389,387,381,379
Females,106,0,0,0,0,0,0,0,0,0,0,0,0,0,0,0,0,0,509,380,381,307,247,198,159,128,103,205,209,214,214,210
Females,107,0,0,0,0,0,0,0,0,0,0,0,0,0,0,0,0,0,0,300,251,0,0,0,0,0,0,53,106,108,111,110
Females,108,0,0,0,0,0,0,0,0,0,0,0,0,0,0,0,0,0,0,0,143,0,0,0,0,0,0,0,26,51,52,53
Females,109,0,0,0,0,0,0,0,0,0,0,0,0,0,0,0,0,0,0,0,0,0,0,0,0,0,0,0,0,11,22,23
Females,110,0,0,0,0,0,0,0,0,0,0,0,0,0,0,0,0,0,0,0,0,0,0,0,0,0,0,0,0,0,0,0
